date,open,high,close,low,volume,price_change,p_change,ma5,ma10,ma20,v_ma5,v_ma10,v_ma20
2020-04-01,17.29,17.35,17.03,16.96,157779.81,-0.26,-1.5,17.032,16.847,17.069,187976.8,245664.07,284103.58
2020-03-31,17.1,17.37,17.29,17.07,149253.55,0.19,1.11,17.032,16.816,17.097,207449.1,269843.98,288238.15
2020-03-30,16.86,17.11,17.1,16.79,211551.05,0.19,1.12,16.956,16.78,17.111,257185.46,290573.64,292480.45
2020-03-27,16.9,16.97,16.91,16.78,192585.33,0.08,0.47,16.84,16.762,17.119,261173.51,301725.17,296424.23
2020-03-26,16.89,17.01,16.83,16.73,228714.27,-0.2,-1.17,16.756,16.771,17.125,274084.51,328817.15,300496.1
2020-03-25,17.1,17.14,17.03,16.84,255141.28,0.12,0.71,16.662,16.833,17.145,303351.34,330323.52,298332.97
2020-03-24,16.64,16.99,16.91,16.6,397935.38,0.39,2.36,16.6,16.889,17.143,332238.86,322473.63,301596.06
2020-03-23,16.17,16.65,16.52,16.06,231491.27,0.03,0.18,16.604,16.962,17.157,323961.82,324859.02,291304.57
2020-03-20,16.52,16.71,16.49,16.3,257140.34,0.13,0.8,16.684,17.055,17.201,342276.84,338590.86,288316.77
2020-03-19,16.65,16.78,16.36,16.19,375048.44,-0.36,-2.15,16.786,17.154,17.253,383549.79,333254.88,284561.93
2020-03-18,16.88,16.99,16.72,16.7,399578.88,-0.21,-1.24,17.004,17.29,17.316,357295.7,322543.08,273068.3
2020-03-17,16.86,17.25,16.93,16.86,356550.16,0.01,0.06,17.178,17.377,17.356,312708.39,306632.32,260036.5
2020-03-16,17.07,17.14,16.92,16.88,323066.38,-0.08,-0.47,17.32,17.441,17.386,325756.21,294387.26,248508.36
2020-03-13,17.06,17.3,17.0,16.96,463505.09,-0.45,-2.58,17.426,17.475,17.424,334904.87,291123.28,239602.45
2020-03-12,17.51,17.59,17.45,17.31,243778.0,-0.14,-0.8,17.522,17.478,17.455,282959.96,272175.05,221355.98
2020-03-11,17.76,17.78,17.59,17.52,176642.34,-0.05,-0.28,17.576,17.456,17.463,287790.46,266342.42,215342.1
2020-03-10,17.27,17.76,17.64,17.27,421789.25,0.19,1.09,17.576,17.397,17.462,300556.25,280718.49,214345.78
2020-03-09,17.2,17.62,17.45,17.02,368809.69,-0.03,-0.17,17.562,17.351,17.46,263018.32,257750.13,199795.83
2020-03-06,17.6,17.72,17.48,17.43,203780.53,-0.24,-1.35,17.524,17.347,17.469,247341.69,238042.69,189242.75
2020-03-05,17.64,17.75,17.72,17.58,267930.47,0.13,0.74,17.434,17.352,17.49,261390.14,235868.98,190905.1
2020-03-04,17.65,17.75,17.59,17.54,240471.3,0.02,0.11,17.336,17.342,17.476,244894.39,223593.52,187153.06
2020-03-03,17.32,17.68,17.57,17.32,234099.59,0.31,1.8,17.218,17.335,17.462,260880.73,213440.69,186691.05
2020-03-02,17.05,17.41,17.26,17.05,290426.56,0.23,1.35,17.14,17.33,17.449,252481.94,202629.45,190758.12
2020-02-28,17.08,17.24,17.03,16.9,274022.78,-0.2,-1.16,17.17,17.373,17.442,228743.69,188081.62,212167.1
2020-02-27,17.01,17.25,17.23,16.95,185451.72,0.23,1.35,17.27,17.432,17.448,210347.82,170536.91,216084.38
2020-02-26,17.05,17.14,17.0,16.99,320403.0,-0.18,-1.05,17.348,17.469,17.467,202292.64,164341.77,218716.04
2020-02-25,17.34,17.46,17.18,17.18,192105.66,-0.23,-1.32,17.452,17.527,17.506,166000.64,147973.06,210885.36
2020-02-24,17.49,17.53,17.41,17.38,171735.3,-0.12,-0.69,17.52,17.569,17.541,152776.96,141841.54,213684.6
2020-02-21,17.56,17.61,17.53,17.45,182043.42,-0.09,-0.51,17.576,17.591,17.557,147419.56,140442.8,224476.96
2020-02-20,17.5,17.66,17.62,17.45,145175.84,0.1,0.57,17.594,17.627,17.582,130726.0,145941.22,222786.93
2020-02-19,17.51,17.59,17.52,17.46,138942.98,0.0,0.0,17.59,17.609,17.601,126390.89,150712.6,226066.78
2020-02-18,17.62,17.67,17.52,17.51,125987.24,-0.17,-0.96,17.602,17.588,17.634,129945.48,159941.42,231334.06
2020-02-17,17.6,17.71,17.69,17.55,144948.3,0.07,0.4,17.618,17.567,17.662,130906.12,178886.8,236334.72
2020-02-14,17.52,17.64,17.62,17.46,98575.64,0.02,0.11,17.606,17.511,17.677,133466.05,236252.58,239982.04
2020-02-13,17.51,17.64,17.6,17.45,123500.31,0.02,0.11,17.66,17.464,17.701,161156.45,261631.85,246444.89
2020-02-12,17.58,17.59,17.58,17.39,156715.92,-0.02,-0.11,17.628,17.464,17.723,175034.3,273090.31,253490.37
2020-02-11,17.66,17.83,17.6,17.57,130790.44,-0.03,-0.17,17.574,17.485,17.754,189937.36,273797.66,257259.91
2020-02-10,17.68,17.83,17.63,17.59,157747.95,-0.26,-1.45,17.516,17.512,17.784,226867.47,285527.66,271495.68
2020-02-07,17.2,17.95,17.89,17.2,237027.62,0.45,2.58,17.416,17.523,17.831,339039.1,308511.12,271327.47
2020-02-06,17.45,17.45,17.44,17.23,192889.55,0.13,0.75,17.268,17.536,17.86,362107.25,299632.63,269040.34
2020-02-05,17.26,17.45,17.31,17.15,231231.22,0.0,0.0,17.3,17.593,17.907,371146.33,301420.97,265434.35
2020-02-04,16.99,17.8,17.31,16.88,315441.0,0.18,1.05,17.396,17.68,17.96,357657.96,302726.69,263430.67
2020-02-03,16.4,17.17,17.13,16.01,718606.12,-0.02,-0.12,17.508,17.756,18.004,344187.85,293782.64,255361.52
2020-01-23,17.49,17.57,17.15,17.09,352368.38,-0.45,-2.56,17.63,17.843,18.056,277983.15,243711.5,226185.42
2020-01-22,17.78,17.78,17.6,17.51,238084.94,-0.19,-1.07,17.804,17.937,18.103,237158.01,231257.94,214311.94
2020-01-21,17.76,17.86,17.79,17.71,163789.34,-0.08,-0.45,17.886,17.982,18.133,231695.61,233890.43,207044.15
2020-01-20,17.79,17.94,17.87,17.63,248090.48,0.13,0.73,17.964,18.022,18.156,247795.43,240722.17,205116.29
2020-01-17,17.9,18.01,17.74,17.69,387582.59,-0.28,-1.55,18.004,18.055,18.177,243377.43,257463.7,200580.62
2020-01-16,18.02,18.08,18.02,17.95,148242.7,0.01,0.06,18.056,18.138,18.211,209439.86,234143.82,188904.76
2020-01-15,18.14,18.22,18.01,17.98,210772.95,-0.17,-0.94,18.07,18.183,18.23,225357.86,238448.04,194786.73
2020-01-14,18.11,18.21,18.18,18.06,244288.44,0.11,0.61,18.078,18.22,18.268,236085.25,229447.73,193721.76
2020-01-13,18.04,18.14,18.07,17.99,226000.48,0.07,0.39,18.08,18.239,18.3,233648.9,224134.65,195603.89
2020-01-10,18.07,18.12,18.0,17.98,217894.72,-0.09,-0.5,18.106,18.251,18.322,271549.97,216940.41,206566.37
2020-01-09,18.12,18.13,18.09,17.97,227832.72,0.04,0.22,18.22,18.269,18.343,258847.78,208659.33,209556.32
2020-01-08,18.08,18.17,18.05,17.99,264409.91,-0.14,-0.77,18.296,18.268,18.339,251538.22,197365.94,205904.88
2020-01-07,18.22,18.26,18.19,18.1,232106.69,-0.01,-0.06,18.362,18.283,18.329,222810.21,180197.87,198765.41
2020-01-06,18.54,18.61,18.2,18.05,415505.81,-0.37,-1.99,18.398,18.29,18.315,214620.4,169510.4,193316.29
2020-01-03,18.5,18.65,18.57,18.45,154383.77,0.1,0.54,18.396,18.299,18.297,162330.84,143697.53,182280.73
2020-01-02,18.46,18.6,18.47,18.39,191284.92,0.09,0.49,18.318,18.283,18.26,158470.88,143665.71,183221.98
2019-12-31,18.4,18.42,18.38,18.26,120769.86,0.01,0.05,18.24,18.276,18.233,143193.66,151125.41,178876.41
2019-12-30,18.15,18.46,18.37,18.11,191157.62,0.18,0.99,18.204,18.315,18.212,137585.52,157995.79,177766.39
2019-12-27,18.12,18.21,18.19,18.1,154058.03,0.01,0.06,18.182,18.361,18.19,124400.41,167073.13,176287.86
2019-12-26,17.91,18.22,18.18,17.91,135083.98,0.1,0.55,18.202,18.393,18.187,125064.22,196192.34,174886.05
2019-12-25,18.22,18.22,18.08,18.02,114898.82,-0.12,-0.66,18.248,18.417,18.184,128860.54,210453.3,173112.28
2019-12-24,18.25,18.25,18.2,18.12,92729.17,-0.06,-0.33,18.312,18.41,18.185,159057.16,214443.81,175759.75
2019-12-23,18.37,18.39,18.26,18.12,125232.04,-0.03,-0.16,18.426,18.374,18.193,178406.06,217332.95,197057.14
2019-12-20,18.33,18.44,18.29,18.24,157377.11,-0.12,-0.65,18.54,18.34,18.188,209745.85,217122.17,199227.45
2019-12-19,18.4,18.52,18.41,18.29,154065.55,0.01,0.05,18.584,18.294,18.168,267320.46,220863.93,200888.72
2019-12-18,18.8,18.8,18.4,18.32,265881.91,-0.37,-1.97,18.586,18.236,18.148,292046.07,222778.26,200207.08
2019-12-17,18.82,18.89,18.77,18.68,189473.7,-0.06,-0.32,18.508,18.19,18.134,269830.47,206627.4,194475.87
2019-12-16,18.54,18.91,18.83,18.52,281930.97,0.32,1.73,18.322,18.108,18.099,256259.83,197536.99,190546.92
2019-12-13,18.48,18.8,18.51,18.37,445250.16,0.09,0.49,18.14,18.019,18.061,224498.5,185502.6,181725.34
2019-12-12,18.07,18.45,18.42,18.03,277693.59,0.41,2.28,18.004,17.981,18.033,174407.39,153579.76,167850.92
2019-12-11,17.9,18.01,18.01,17.83,154803.94,0.17,0.95,17.886,17.951,18.002,153510.45,135771.26,160423.18
2019-12-10,17.89,17.95,17.84,17.8,121620.51,-0.08,-0.45,17.872,17.959,18.001,143424.33,137075.69,158469.09
2019-12-09,17.84,17.94,17.92,17.73,123124.28,0.09,0.51,17.894,18.012,18.014,138814.14,176781.33,158855.44
2019-12-06,17.9,17.91,17.83,17.66,194794.64,0.0,0.0,17.898,18.035,18.018,146506.71,181332.73,161233.61
2019-12-05,17.93,17.97,17.83,17.8,173208.89,-0.11,-0.61,17.958,18.042,18.026,132752.12,180913.52,160220.05
2019-12-04,18.04,18.04,17.94,17.83,104373.35,-0.01,-0.06,18.016,18.059,18.026,118032.07,177635.9,159436.91
2019-12-03,17.98,18.0,17.95,17.91,98569.54,0.01,0.06,18.046,18.077,18.032,130727.05,182324.34,159670.8
2019-12-02,18.01,18.17,17.94,17.89,161587.11,-0.19,-1.05,18.13,18.089,18.039,214748.53,183556.86,163368.21
2019-11-29,18.07,18.15,18.13,17.94,126021.73,0.01,0.06,18.172,18.102,18.042,216158.75,177948.08,162334.35
2019-11-28,18.07,18.14,18.12,18.03,99608.61,0.03,0.17,18.126,18.084,18.029,229074.91,182122.09,164127.02
2019-11-27,18.22,18.22,18.09,18.01,167848.28,-0.28,-1.52,18.102,18.053,18.016,237239.72,185075.1,167979.75
2019-11-26,18.2,18.38,18.37,18.0,518676.91,0.22,1.21,18.108,18.043,17.991,233921.62,179862.48,166793.73
2019-11-25,17.91,18.19,18.15,17.88,168638.23,0.25,1.4,18.048,18.015,17.948,152365.19,140929.54,148551.96
2019-11-22,17.93,17.99,17.9,17.8,190602.5,-0.1,-0.56,18.032,18.0,17.927,139737.4,141134.48,146946.61
2019-11-21,18.07,18.17,18.0,17.96,140432.7,-0.12,-0.66,18.042,18.01,17.921,135169.26,139526.58,147192.03
2019-11-20,18.04,18.24,18.12,18.02,151257.75,0.05,0.28,18.004,17.992,17.909,132910.47,141237.93,146830.22
2019-11-19,18.02,18.16,18.07,18.0,110894.75,0.0,0.0,17.978,17.987,17.891,125803.34,137017.27,147613.03
2019-11-18,17.95,18.1,18.07,17.85,105499.31,0.12,0.67,17.982,17.988,17.869,129493.9,143179.56,151483.82
2019-11-15,17.89,18.08,17.95,17.78,167761.81,0.14,0.79,17.968,17.981,17.836,142531.56,146720.62,158180.67
2019-11-14,18.06,18.1,17.81,17.8,129138.72,-0.18,-1.0,17.978,17.974,17.825,143883.89,146131.95,164851.8
2019-11-13,18.05,18.12,17.99,17.91,115722.13,-0.1,-0.55,17.98,17.979,17.828,149565.39,150884.41,165300.62
2019-11-12,18.03,18.16,18.09,17.97,129347.51,0.09,0.5,17.996,17.939,17.819,148231.19,153724.98,170152.2
2019-11-11,17.95,18.07,18.0,17.86,170687.64,0.0,0.0,17.994,17.88,17.81,156865.23,156174.38,182568.41
2019-11-08,17.88,18.06,18.0,17.79,174523.45,0.18,1.01,17.994,17.853,17.821,150909.67,152758.73,191039.89
2019-11-07,18.02,18.05,17.82,17.76,157546.23,-0.25,-1.38,17.97,17.832,17.84,148380.02,154857.49,192470.27
2019-11-06,18.13,18.13,18.07,18.02,109051.12,-0.01,-0.06,17.978,17.826,17.861,152203.43,152422.51,199476.25
2019-11-05,18.03,18.17,18.08,17.92,172517.69,0.08,0.44,17.882,17.795,17.881,159218.76,158208.79,200229.27
2019-11-04,17.94,18.06,18.0,17.89,140909.88,0.12,0.67,17.766,17.749,17.906,155483.53,159788.08,204361.43
2019-11-01,17.86,17.92,17.88,17.74,161875.16,0.02,0.11,17.712,17.691,17.917,154607.79,169640.72,205543.48
2019-10-31,17.66,17.86,17.86,17.6,176663.31,0.27,1.53,17.694,17.676,17.933,161334.96,183571.65,207770.03
2019-10-30,17.5,17.72,17.59,17.47,144127.77,0.09,0.51,17.674,17.677,17.961,152641.59,179716.83,212037.2
2019-10-29,17.75,17.75,17.5,17.44,153841.53,-0.23,-1.3,17.708,17.699,18.004,157198.82,186579.42,222265.16
2019-10-28,17.75,17.94,17.73,17.69,136531.17,-0.06,-0.34,17.732,17.739,18.078,164092.63,208962.43,225605.65
2019-10-25,17.8,17.8,17.79,17.48,195511.03,0.03,0.17,17.67,17.789,18.127,184673.66,229321.04,225755.55
2019-10-24,17.79,17.89,17.76,17.68,133196.45,0.0,0.0,17.658,17.847,18.181,205808.33,230083.06,229114.89
2019-10-23,17.6,17.77,17.76,17.58,166913.94,0.14,0.8,17.68,17.895,18.225,206792.06,246529.98,228789.26
2019-10-22,17.51,17.63,17.62,17.28,188310.55,0.2,1.15,17.69,17.966,18.277,215960.01,242249.74,228032.27
2019-10-21,17.63,17.73,17.42,17.41,239436.31,-0.31,-1.75,17.746,18.062,18.321,253832.24,248934.78,232314.15
2019-10-18,17.87,17.93,17.73,17.53,301184.41,-0.14,-0.78,17.908,18.143,18.4,273968.43,241446.24,230153.47
2019-10-17,17.84,17.98,17.87,17.75,138115.11,0.06,0.34,18.036,18.19,18.456,254357.78,231968.41,226784.51
2019-10-16,17.89,18.03,17.81,17.7,212753.66,-0.09,-0.5,18.11,18.245,18.495,286267.9,244357.56,230522.14
2019-10-15,18.25,18.25,17.9,17.88,377671.69,-0.33,-1.81,18.242,18.308,18.538,268539.48,257950.91,230164.95
2019-10-14,18.39,18.46,18.23,18.16,340117.28,-0.14,-0.76,18.378,18.416,18.57,244037.32,242248.86,224266.77
2019-10-11,18.25,18.44,18.37,18.15,203131.16,0.13,0.71,18.378,18.464,18.588,208924.05,222190.06,215808.53
2019-10-10,18.44,18.44,18.24,18.1,297665.72,-0.23,-1.25,18.344,18.514,18.593,209579.03,228146.73,223309.12
2019-10-09,18.53,18.62,18.47,18.42,124111.53,-0.11,-0.59,18.38,18.555,18.608,202447.22,211048.53,220301.92
2019-10-08,18.19,18.66,18.58,18.15,255160.91,0.35,1.92,18.374,18.587,18.616,247362.34,213814.8,225775.84
2019-09-30,18.15,18.42,18.23,18.13,164550.94,0.03,0.17,18.454,18.58,18.606,240460.4,215693.52,229217.25
2019-09-27,18.42,18.48,18.2,18.01,206406.05,-0.22,-1.19,18.55,18.657,18.626,235456.07,218860.69,229195.02
2019-09-26,18.58,18.64,18.42,18.33,262006.69,-0.02,-0.11,18.684,18.722,18.655,246714.42,221600.62,230441.58
2019-09-25,18.98,18.98,18.44,18.41,348687.09,-0.54,-2.85,18.73,18.745,18.686,219649.83,216686.71,229631.72
2019-09-24,18.7,19.0,18.98,18.59,220651.23,0.27,1.44,18.8,18.767,18.723,180267.26,202378.99,240908.76
2019-09-23,18.79,18.8,18.71,18.56,139529.31,-0.16,-0.85,18.706,18.723,18.716,190926.63,206284.68,242009.6
2019-09-20,18.74,18.87,18.87,18.55,262697.78,0.22,1.18,18.764,18.712,18.726,202265.31,209427.0,247228.03
2019-09-19,18.79,18.84,18.65,18.53,126683.76,-0.14,-0.74,18.76,18.672,18.722,196486.83,218471.51,244844.83
2019-09-18,18.54,18.87,18.79,18.48,151774.2,0.28,1.51,18.76,18.66,18.728,213723.59,229555.31,249901.24
2019-09-17,19.0,19.02,18.51,18.45,273948.12,-0.49,-2.58,18.734,18.645,18.734,224490.72,237736.89,257614.33
2019-09-16,18.85,19.03,19.0,18.75,196222.67,0.15,0.8,18.74,18.632,18.784,221642.73,242740.98,256918.97
2019-09-12,18.66,18.86,18.85,18.58,233805.38,0.2,1.07,18.66,18.594,18.787,216588.7,239529.35,256567.63
2019-09-11,18.67,18.67,18.65,18.52,212867.59,-0.01,-0.05,18.584,18.587,18.786,240456.19,239282.54,252915.91
2019-09-10,18.57,18.67,18.66,18.43,205609.83,0.12,0.65,18.56,18.626,18.795,245387.02,242576.73,250143.87
2019-09-09,18.66,18.66,18.54,18.48,259708.16,-0.06,-0.32,18.556,18.678,18.798,250983.06,279438.53,247902.14
2019-09-06,18.49,18.6,18.6,18.38,170952.53,0.13,0.7,18.524,18.709,18.81,263839.23,277734.51,243268.42
2019-09-05,18.5,18.64,18.47,18.35,353142.84,-0.06,-0.32,18.528,18.739,18.823,262470.0,285029.05,242463.01
2019-09-04,18.68,18.75,18.53,18.33,237521.73,-0.11,-0.59,18.59,18.772,18.845,238108.88,271218.14,237619.31
2019-09-03,18.36,18.73,18.64,18.36,233590.06,0.26,1.42,18.692,18.796,18.835,239766.45,270247.17,233889.17
2019-09-02,18.56,18.66,18.38,18.35,323989.0,-0.24,-1.29,18.8,18.822,18.82,307894.0,277491.76,233565.32
2019-08-30,18.88,18.89,18.62,18.57,164106.38,-0.16,-0.85,18.894,18.936,18.814,291629.79,271096.97,229882.81
2019-08-29,19.04,19.08,18.78,18.68,231337.23,-0.26,-1.37,18.95,18.979,18.822,307588.1,273605.92,229413.24
2019-08-28,19.2,19.22,19.04,18.95,245809.58,-0.14,-0.73,18.954,18.985,18.821,304327.41,266549.28,225288.74
2019-08-27,18.96,19.38,19.18,18.86,574227.81,0.33,1.75,18.9,18.963,18.805,300727.88,257711.01,220138.11
2019-08-26,18.88,19.11,18.85,18.61,242667.95,-0.05,-0.27,18.844,18.918,18.783,247089.52,216365.75,197253.99
2019-08-23,18.8,18.96,18.9,18.7,243897.92,0.1,0.53,18.978,18.91,18.781,250564.15,208802.33,195705.51
2019-08-22,18.91,18.91,18.8,18.56,215033.77,0.03,0.16,19.008,18.906,18.761,239623.73,199896.96,192504.16
2019-08-21,18.96,19.08,18.77,18.73,227811.97,-0.13,-0.69,19.016,18.918,18.732,228771.15,204020.47,188098.12
2019-08-20,19.4,19.58,18.9,18.86,306036.0,-0.62,-3.18,19.026,18.874,18.702,214694.13,197531.17,182551.29
2019-08-19,19.07,19.65,19.52,18.94,260041.09,0.47,2.47,18.992,18.818,18.667,185641.97,189638.87,173975.39
2019-08-16,18.86,19.05,19.05,18.7,189195.84,0.21,1.11,18.842,18.691,18.601,167040.5,188668.65,172730.93
2019-08-15,18.68,18.85,18.84,18.59,160770.84,0.02,0.11,18.804,18.665,18.546,160170.19,185220.57,172170.47
2019-08-14,18.75,18.93,18.82,18.66,157426.88,0.09,0.48,18.82,18.657,18.49,179269.8,184028.2,179140.92
2019-08-13,18.76,18.76,18.73,18.53,160775.22,-0.04,-0.21,18.722,18.647,18.454,180368.21,182565.21,178975.87
2019-08-12,18.75,18.9,18.77,18.61,167033.73,-0.09,-0.48,18.644,18.648,18.423,193635.77,178142.23,177326.82
2019-08-09,18.87,18.94,18.86,18.69,154844.27,-0.06,-0.32,18.54,18.651,18.394,210296.79,182608.69,177103.98
2019-08-08,18.48,19.02,18.92,18.38,256268.88,0.59,3.22,18.526,18.615,18.361,210270.95,185111.36,176999.8
2019-08-07,18.37,18.62,18.33,18.28,162918.97,-0.01,-0.06,18.494,18.545,18.328,188786.6,172175.77,172288.23
2019-08-06,18.01,18.57,18.34,17.9,227112.98,0.09,0.49,18.572,18.53,18.311,184762.21,167571.4,170054.05
2019-08-05,18.59,18.7,18.25,18.2,250338.86,-0.54,-2.87,18.652,18.516,18.286,162648.68,158311.91,166623.48
2019-08-02,18.61,18.86,18.79,18.36,154715.05,0.03,0.16,18.762,18.51,18.279,154920.58,156793.22,165592.49
2019-08-01,18.61,18.92,18.76,18.6,148847.12,0.04,0.21,18.704,18.427,18.258,159951.78,159120.37,165228.11
2019-07-31,18.65,18.74,18.72,18.6,142797.06,-0.02,-0.11,18.596,18.323,18.234,155564.94,174253.64,166654.42
2019-07-30,18.8,18.96,18.74,18.72,116545.33,-0.06,-0.32,18.488,18.26,18.211,150380.59,175386.54,175392.33
2019-07-29,18.53,18.95,18.8,18.53,211698.36,0.3,1.62,18.38,18.197,18.166,153975.14,176511.41,183792.38
2019-07-26,18.12,18.56,18.5,18.12,179871.02,0.28,1.54,18.258,18.136,18.117,158665.86,171599.27,187209.91
2019-07-25,18.0,18.23,18.22,17.95,126912.92,0.04,0.22,18.15,18.107,18.087,158288.97,168888.24,184374.14
2019-07-24,18.27,18.29,18.18,18.12,116875.31,-0.02,-0.11,18.05,18.11,18.066,192942.35,172400.7,186272.89
2019-07-23,18.15,18.3,18.2,18.01,134518.09,0.01,0.06,18.032,18.092,18.049,200392.48,172536.7,188306.64
2019-07-22,18.0,18.2,18.19,17.86,235151.94,0.23,1.28,18.014,18.056,18.021,199047.69,174935.04,193331.45
2019-07-19,17.75,17.96,17.96,17.72,177986.59,0.24,1.35,18.014,18.048,17.991,184532.68,174391.75,191811.35
2019-07-18,17.48,17.94,17.72,17.31,300179.81,0.31,1.78,18.064,18.089,17.974,179487.51,171335.85,196241.52
2019-07-17,18.16,18.18,18.09,18.0,154125.98,-0.02,-0.11,18.17,18.145,17.987,151859.05,159055.2,191789.06
2019-07-16,18.23,18.33,18.11,18.03,127794.12,-0.08,-0.44,18.152,18.162,17.972,144680.92,175398.12,192161.95
2019-07-15,18.27,18.33,18.19,17.9,162576.88,-0.02,-0.11,18.098,18.135,17.951,150822.4,191073.35,191222.26
2019-07-12,18.23,18.33,18.21,18.12,152760.77,-0.04,-0.22,18.082,18.097,17.921,164250.83,202820.55,190906.68
2019-07-11,18.09,18.27,18.25,18.02,162037.52,0.25,1.39,18.114,18.066,17.885,163184.18,199860.04,196708.91
2019-07-10,17.9,18.02,18.0,17.76,118235.31,0.16,0.9,18.12,18.022,17.856,166251.35,200145.07,198508.39
2019-07-09,18.15,18.16,17.84,17.8,158501.5,-0.27,-1.49,18.172,18.005,17.852,206115.32,204076.58,199904.19
2019-07-08,18.25,18.33,18.11,17.83,229719.03,-0.26,-1.42,18.172,17.986,17.86,231324.3,211727.86,202832.22
2019-07-05,18.32,18.4,18.37,18.16,147427.55,0.09,0.49,18.112,17.933,17.852,241390.27,209230.95,202790.12
2019-07-04,18.24,18.4,18.28,18.15,177373.34,0.02,0.11,18.018,17.859,17.809,236535.9,221147.19,203048.79
2019-07-03,17.84,18.34,18.26,17.77,317555.19,0.42,2.35,17.924,17.829,17.772,234038.8,224522.92,200212.82
2019-07-02,17.81,17.89,17.84,17.75,284546.41,0.03,0.17,17.838,17.781,17.739,202037.84,208925.78,194384.92
2019-07-01,17.99,18.0,17.81,17.77,280048.88,-0.09,-0.5,17.8,17.766,17.73,192131.42,191371.16,190809.11
2019-06-28,17.81,17.99,17.9,17.7,123155.69,0.09,0.51,17.754,17.744,17.725,177071.62,178992.8,187768.3
2019-06-27,17.86,17.9,17.81,17.74,164887.81,-0.02,-0.11,17.7,17.704,17.716,205758.47,193557.78,198340.81
2019-06-26,17.64,17.86,17.83,17.6,157550.42,0.18,1.02,17.734,17.69,17.686,215007.05,196871.71,200580.68
2019-06-25,17.61,17.74,17.65,17.53,235014.28,0.07,0.4,17.724,17.698,17.655,215813.71,195731.79,217577.58
2019-06-24,17.63,17.72,17.58,17.52,204749.91,-0.05,-0.28,17.732,17.733,17.62,190610.91,193936.59,215091.96
2019-06-21,18.0,18.02,17.63,17.62,266589.94,-0.35,-1.95,17.734,17.77,17.591,180913.98,196349.3,214010.46
2019-06-20,17.79,18.1,17.98,17.72,211130.69,0.2,1.12,17.708,17.759,17.555,181357.09,184950.39,210187.23
2019-06-19,17.86,17.89,17.78,17.68,161583.73,0.09,0.51,17.646,17.714,17.5,178736.36,175902.71,209282.06
2019-06-18,17.66,17.72,17.69,17.56,109000.26,0.1,0.57,17.672,17.696,17.445,175649.87,179844.06,207759.91
2019-06-17,17.53,17.68,17.59,17.46,156265.27,0.09,0.51,17.734,17.693,17.386,197262.27,190247.05,214147.57
2019-06-14,17.73,17.77,17.5,17.36,268805.5,-0.17,-0.96,17.806,17.705,17.335,211784.62,196543.81,212810.96
2019-06-13,17.91,17.92,17.67,17.63,198027.05,-0.24,-1.34,17.81,17.727,17.29,188543.68,203123.83,209585.87
2019-06-12,18.0,18.0,17.91,17.77,146151.28,-0.09,-0.5,17.782,17.682,17.227,173069.06,204289.65,210190.96
2019-06-11,18.01,18.18,18.0,17.93,217062.23,0.05,0.28,17.72,17.612,17.152,184038.24,239423.37,218124.74
2019-06-10,17.65,18.3,17.95,17.59,228877.05,0.43,2.45,17.652,17.507,17.077,183231.84,236247.34,211774.36
2019-06-06,17.6,17.7,17.52,17.51,152600.8,-0.01,-0.06,17.604,17.412,17.006,181302.99,231671.63,207480.6
2019-06-05,17.71,17.73,17.53,17.51,120653.94,-0.07,-0.4,17.644,17.35,16.95,217703.98,235424.08,207878.71
2019-06-04,17.7,17.73,17.6,17.48,200997.19,-0.06,-0.34,17.582,17.285,16.899,235510.24,242661.41,214619.58
2019-06-03,17.71,17.86,17.66,17.51,213030.2,-0.05,-0.28,17.504,17.194,16.861,294808.49,235675.76,214108.42
2019-05-31,17.75,17.87,17.71,17.59,219232.81,-0.01,-0.06,17.362,17.079,16.824,289262.84,238048.08,219545.55
2019-05-30,17.29,17.72,17.72,17.21,334605.75,0.5,2.9,17.22,16.964,16.782,282040.26,229078.12,216879.96
2019-05-29,17.04,17.33,17.22,16.96,209685.27,0.01,0.06,17.056,16.853,16.735,253144.17,216047.91,208583.57
2019-05-28,16.95,17.28,17.21,16.87,497488.41,0.26,1.53,16.988,16.772,16.702,249812.57,216092.26,207047.53
2019-05-27,17.0,17.18,16.95,16.85,185301.94,-0.05,-0.29,16.884,16.691,16.679,176543.03,196826.12,190479.1
2019-05-24,16.99,17.09,17.0,16.91,183119.94,0.1,0.59,16.796,16.646,16.673,186833.33,187301.38,188342.83
2019-05-23,16.82,16.99,16.9,16.8,190125.31,0.02,0.12,16.708,16.599,16.662,176115.97,183289.58,186864.58
2019-05-22,16.7,16.95,16.88,16.6,193027.23,0.19,1.14,16.65,16.549,16.651,178951.65,180333.34,186405.01
2019-05-21,16.49,16.77,16.69,16.41,131140.73,0.18,1.09,16.556,16.513,16.646,182371.95,186577.75,181883.07
2019-05-20,16.59,16.85,16.51,16.38,236753.45,-0.05,-0.3,16.498,16.528,16.645,217109.22,192541.09,181896.79
2019-05-17,16.6,16.65,16.56,16.51,129533.15,-0.05,-0.3,16.496,16.568,16.659,187769.43,201043.01,178547.35
2019-05-16,16.38,16.62,16.61,16.34,204303.7,0.2,1.22,16.49,16.599,16.67,190463.18,204681.81,182473.5
2019-05-15,16.38,16.44,16.41,16.33,210128.72,0.01,0.06,16.448,16.616,16.67,181715.03,201119.23,187573.35
2019-05-14,16.38,16.57,16.4,16.31,304827.06,-0.1,-0.61,16.47,16.631,16.693,190783.55,198002.81,188568.04
2019-05-13,16.49,16.58,16.5,16.41,90054.51,-0.03,-0.18,16.558,16.666,16.711,167972.95,184132.07,185988.35
2019-05-10,16.4,16.57,16.53,16.37,143001.92,0.13,0.79,16.64,16.7,16.715,214316.6,189384.28,194328.02
2019-05-09,16.45,16.57,16.4,16.37,160562.94,-0.12,-0.73,16.708,16.725,16.715,218900.44,190439.57,201218.19
2019-05-08,16.79,16.85,16.52,16.48,255471.31,-0.32,-1.9,16.784,16.753,16.722,220523.42,192476.67,212935.74
2019-05-07,16.86,17.02,16.84,16.73,190774.09,-0.07,-0.41,16.792,16.778,16.736,205222.07,177188.4,211172.16
2019-05-06,16.7,16.91,16.91,16.58,321772.72,0.04,0.24,16.774,16.762,16.739,200291.19,171252.5,212583.25
2019-04-30,16.68,16.88,16.87,16.65,165921.12,0.09,0.54,16.76,16.749,16.739,164451.97,156051.69,207801.33
2019-04-29,16.63,16.88,16.78,16.57,168677.88,0.22,1.33,16.742,16.74,16.741,161978.71,160265.2,217490.04
2019-04-26,16.7,16.83,16.56,16.54,178964.55,-0.19,-1.13,16.722,16.723,16.745,164429.92,174027.46,224693.39
2019-04-25,16.84,16.86,16.75,16.71,166119.69,-0.09,-0.53,16.764,16.755,16.764,149154.73,179133.27,225147.67
2019-04-24,16.85,16.88,16.84,16.74,142576.61,0.06,0.36,16.75,16.755,16.765,142213.81,187844.63,224438.9
2019-04-23,16.77,16.83,16.78,16.7,153554.83,0.1,0.6,16.738,16.729,16.775,147651.41,199271.75,226266.0
2019-04-22,16.77,16.84,16.68,16.67,180933.91,-0.09,-0.54,16.738,16.704,16.782,158551.68,211996.81,229546.79
2019-04-19,16.72,16.79,16.77,16.64,102588.6,0.09,0.54,16.724,16.691,16.804,183625.01,233394.82,230780.71
2019-04-18,16.78,16.83,16.68,16.65,131415.12,-0.1,-0.6,16.746,16.694,16.808,209111.81,245155.91,235203.18
2019-04-17,16.8,16.86,16.78,16.74,169764.58,0.0,0.0,16.76,16.715,16.816,233475.45,253913.99,237063.09
2019-04-16,16.61,16.8,16.78,16.52,208056.19,0.17,1.02,16.72,16.729,16.824,250892.1,259550.97,239935.45
2019-04-15,16.98,16.98,16.61,16.6,306300.56,-0.27,-1.6,16.67,16.741,16.822,265441.94,274714.88,244604.32
2019-04-12,16.75,16.92,16.88,16.71,230022.61,0.13,0.78,16.658,16.767,16.806,283164.63,275359.32,238113.46
2019-04-11,16.6,16.78,16.75,16.59,253233.3,0.17,1.02,16.642,16.773,16.776,281200.01,271162.08,238876.01
2019-04-10,16.55,16.7,16.58,16.44,256847.84,0.05,0.3,16.67,16.774,16.741,274352.53,261033.17,246036.0
2019-04-09,16.55,16.65,16.53,16.43,280805.38,-0.02,-0.12,16.738,16.821,16.729,268209.85,253260.24,252079.75
2019-04-08,16.8,16.85,16.55,16.5,394914.0,-0.25,-1.49,16.812,16.86,16.726,283987.82,247096.76,251705.98
2019-04-04,16.86,16.88,16.8,16.74,220199.55,-0.09,-0.53,16.876,16.917,16.732,267554.01,228166.6,247132.7
2019-04-03,16.85,16.93,16.89,16.76,218995.89,-0.03,-0.18,16.904,16.921,16.726,261124.14,225250.45,252108.96
2019-04-02,16.92,16.93,16.92,16.78,226134.41,0.02,0.12,16.878,16.916,16.725,247713.8,220212.18,264761.02
2019-04-01,16.95,17.14,16.9,16.82,359695.25,0.03,0.18,16.904,16.918,16.694,238310.64,220319.93,268887.59
2019-03-29,16.91,16.93,16.87,16.68,312744.94,-0.07,-0.41,16.908,16.903,16.662,210205.7,214493.77,272594.68
2019-03-28,16.72,17.08,16.94,16.55,188050.22,0.18,1.07,16.958,16.844,16.632,188779.19,200867.6,267166.52
2019-03-27,17.03,17.09,16.76,16.72,151944.2,-0.29,-1.7,16.938,16.779,16.6,189376.76,206589.95,267658.9
2019-03-26,17.0,17.1,17.05,16.9,179118.59,0.13,0.77,16.954,16.707,16.573,192710.56,231038.84,273237.13
2019-03-25,17.02,17.2,16.92,16.82,219170.56,-0.2,-1.17,16.932,16.637,16.534,202329.23,250899.25,281011.42
2019-03-22,16.85,17.12,17.12,16.81,205612.36,0.28,1.66,16.898,16.592,16.507,218781.83,256315.19,294360.22
2019-03-21,16.9,17.01,16.84,16.78,191038.11,0.0,0.0,16.73,16.546,16.461,212956.01,266098.81,292043.07
2019-03-20,16.85,16.94,16.84,16.74,168613.2,-0.1,-0.59,16.62,16.531,16.424,223803.13,278967.48,291227.45
2019-03-19,16.73,17.13,16.94,16.7,227211.91,0.19,1.13,16.46,16.533,16.394,269367.12,309309.86,288409.85
2019-03-18,16.29,16.84,16.75,16.29,301433.59,0.47,2.89,16.342,16.469,16.36,299469.28,317455.25,290370.34
2019-03-15,16.22,16.4,16.28,16.17,176483.23,-0.01,-0.06,16.286,16.42,16.339,293848.55,330695.59,289417.16
2019-03-14,16.04,16.33,16.29,15.99,245273.73,0.25,1.56,16.362,16.419,16.34,319241.61,333465.44,286739.75
2019-03-13,16.31,16.35,16.04,16.0,396433.12,-0.31,-1.9,16.442,16.42,16.342,334131.82,328727.86,282641.3
2019-03-12,16.45,16.63,16.35,16.28,377722.72,-0.12,-0.73,16.606,16.438,16.359,349252.6,315435.43,275100.63
2019-03-11,16.57,16.65,16.47,16.36,273329.97,-0.19,-1.14,16.596,16.431,16.359,335441.22,311123.59,265646.84
2019-03-08,16.6,16.74,16.66,16.42,303448.53,-0.03,-0.18,16.554,16.422,16.351,367542.62,332405.26,258722.95
2019-03-07,16.88,16.92,16.69,16.52,319724.75,-0.17,-1.01,16.476,16.376,16.335,347689.26,317987.33,248252.75
2019-03-06,16.3,16.98,16.86,16.25,472037.03,0.56,3.44,16.398,16.317,16.322,323323.9,303487.43,240134.39
2019-03-05,16.27,16.38,16.3,16.24,308665.81,0.04,0.25,16.27,16.255,16.289,281618.25,267509.85,221171.27
2019-03-04,16.26,16.38,16.26,16.19,433836.97,-0.01,-0.06,16.266,16.25,16.284,286805.95,263285.44,213826.78
2019-03-01,16.3,16.32,16.27,16.11,204181.73,-0.03,-0.18,16.29,16.258,16.266,297267.89,248138.73,200020.06
2019-02-28,16.22,16.3,16.3,16.14,197897.95,0.08,0.49,16.276,16.261,16.248,288285.41,240014.06,194013.4
2019-02-27,16.31,16.38,16.22,16.18,263508.81,-0.06,-0.37,16.236,16.263,16.231,283650.97,236554.74,189814.42
2019-02-26,16.3,16.5,16.28,16.26,334604.31,-0.1,-0.61,16.24,16.28,16.218,253401.45,234765.84,181470.66
2019-02-25,16.19,16.38,16.38,16.06,486146.66,0.18,1.11,16.234,16.286,16.194,239764.93,220170.1,169842.09
2019-02-22,16.1,16.2,16.2,15.95,159269.3,0.1,0.62,16.226,16.279,16.166,199009.56,185040.64,149880.93
2019-02-21,16.23,16.3,16.1,16.07,174725.77,-0.14,-0.86,16.246,16.294,16.144,191742.72,178518.16,150597.73
2019-02-20,16.27,16.27,16.24,16.15,112261.19,-0.01,-0.06,16.29,16.327,16.111,189458.5,176781.35,145986.81
2019-02-19,16.3,16.32,16.25,16.16,266421.72,-0.09,-0.55,16.32,16.322,16.075,216130.24,174832.69,145501.41
2019-02-18,16.37,16.38,16.34,16.19,282369.84,0.04,0.24,16.338,16.317,16.033,200575.28,164368.12,135383.28
2019-02-15,16.31,16.37,16.3,16.23,122935.07,-0.02,-0.12,16.332,16.274,15.979,171071.72,151901.38,127095.66
2019-02-14,16.33,16.42,16.32,16.26,163304.7,-0.07,-0.43,16.342,16.235,15.934,165293.61,148012.74,125549.04
2019-02-13,16.36,16.44,16.39,16.16,245619.86,0.05,0.31,16.364,16.198,15.884,164104.19,143074.1,124323.42
2019-02-12,16.35,16.39,16.34,16.18,188646.92,0.03,0.18,16.324,16.155,15.839,133535.13,128175.48,118314.54
2019-02-11,16.21,16.42,16.31,16.21,134852.06,-0.04,-0.24,16.296,16.102,15.8,128160.97,119514.07,118897.13
2019-02-01,16.47,16.5,16.35,16.3,94044.49,-0.08,-0.49,16.216,16.053,15.746,132731.05,114721.23,121910.25
2019-01-31,16.32,16.43,16.43,16.22,157357.62,0.24,1.48,16.128,15.993,15.695,130731.88,122677.3,129264.39
2019-01-30,16.29,16.29,16.19,16.08,92774.58,-0.01,-0.06,16.032,15.895,15.652,122044.01,115192.27,129310.99
2019-01-29,15.87,16.29,16.2,15.84,161776.09,0.29,1.82,15.986,15.828,15.613,122815.83,116170.14,139938.97
2019-01-28,15.96,16.07,15.91,15.79,157702.45,0.0,0.0,15.908,15.748,15.597,110867.17,106398.44,144547.98
2019-01-25,16.0,16.06,15.91,15.9,84048.66,-0.04,-0.25,15.89,15.684,15.581,96711.4,102289.94,147460.02
2019-01-24,15.97,16.03,15.95,15.82,113918.25,-0.01,-0.06,15.858,15.632,15.561,114622.71,103085.34,151933.91
2019-01-23,15.8,15.97,15.96,15.78,96633.68,0.15,0.95,15.758,15.57,15.529,108340.53,105572.74,152731.99
2019-01-22,15.85,15.89,15.81,15.75,102032.8,-0.01,-0.06,15.67,15.522,15.49,109524.45,108453.59,156142.48
2019-01-21,15.7,15.83,15.82,15.7,86923.63,0.07,0.44,15.588,15.497,15.468,101929.72,118280.2,163636.95
2019-01-18,15.56,15.79,15.75,15.5,173605.19,0.3,1.94,15.478,15.439,15.436,107868.47,129099.27,169692.15
2019-01-17,15.56,15.56,15.45,15.39,82507.36,-0.07,-0.45,15.406,15.396,15.413,91547.97,135851.48,172354.65
2019-01-16,15.41,15.57,15.52,15.33,102553.28,0.12,0.78,15.382,15.408,15.396,102804.96,143429.71,180131.01
2019-01-15,15.28,15.4,15.4,15.22,64059.14,0.13,0.85,15.374,15.398,15.37,107382.73,163707.8,183147.31
2019-01-14,15.35,15.42,15.27,15.19,116617.36,-0.12,-0.78,15.406,15.446,15.348,134630.68,182697.52,189772.81
2019-01-11,15.33,15.42,15.39,15.22,92002.73,0.06,0.39,15.4,15.477,15.331,150330.06,192630.11,198285.08
2019-01-10,15.42,15.54,15.33,15.24,138792.27,-0.15,-0.97,15.386,15.49,15.295,180154.99,200782.47,206385.58
2019-01-09,15.65,15.74,15.48,15.47,125442.16,-0.08,-0.51,15.434,15.487,15.244,184054.47,199891.24,205195.73
2019-01-08,15.2,15.61,15.56,15.2,200298.89,0.32,2.1,15.422,15.457,15.188,220032.86,203831.38,207279.87
2019-01-07,15.39,15.43,15.24,15.16,195114.27,-0.08,-0.52,15.486,15.439,15.127,230764.36,208993.71,202812.62
2019-01-04,15.55,15.55,15.32,15.16,241127.34,-0.25,-1.61,15.554,15.432,15.076,234930.16,210285.03,208887.15
2019-01-03,15.29,15.57,15.57,15.27,158289.7,0.15,0.97,15.594,15.43,15.041,221409.95,208857.82,203297.54
2019-01-02,15.79,15.8,15.42,15.12,305334.09,-0.46,-2.9,15.54,15.384,14.997,215728.0,216832.3,200809.48
2018-12-28,15.6,15.88,15.88,15.58,253956.39,0.3,1.93,15.492,15.342,14.961,187629.9,202586.82,198333.08
2018-12-27,15.45,15.73,15.58,15.37,215943.28,0.06,0.39,15.392,15.25,14.885,187223.06,196848.09,197150.3
2018-12-26,15.28,15.57,15.52,15.23,173526.31,0.22,1.44,15.31,15.185,14.818,185639.89,203940.04,195292.49
2018-12-25,15.07,15.34,15.3,15.07,129879.94,0.12,0.79,15.266,15.099,14.762,196305.69,211988.68,193110.22
2018-12-24,15.21,15.32,15.18,15.01,164843.56,-0.2,-1.3,15.228,15.0,14.718,217936.59,210500.23,195908.05
2018-12-21,15.14,15.38,15.38,15.09,251922.2,0.21,1.38,15.192,14.918,14.683,217543.74,210728.37,195944.02
2018-12-20,15.29,15.37,15.17,14.95,208027.44,-0.13,-0.85,15.108,14.815,14.626,206473.12,196631.53,192541.54
2018-12-19,15.14,15.4,15.3,15.11,226855.31,0.19,1.26,15.06,14.72,14.59,222240.19,207489.28,186849.9
2018-12-18,14.93,15.25,15.11,14.93,238034.45,0.11,0.73,14.932,14.651,14.55,227671.67,197737.26,180022.8
2018-12-17,15.07,15.11,15.0,14.91,162879.3,0.04,0.27,14.772,14.61,14.517,203063.86,184786.66,175972.64
2018-12-14,14.9,15.16,14.96,14.86,196569.12,0.03,0.2,14.644,14.58,14.502,203913.0,194079.33,177874.35
2018-12-13,14.66,15.11,14.93,14.62,286862.75,0.27,1.84,14.522,14.519,14.486,186789.93,197452.51,177726.29
2018-12-12,14.43,14.68,14.66,14.4,254012.73,0.35,2.45,14.38,14.45,14.469,192738.38,186644.94,172052.63
2018-12-11,14.35,14.37,14.31,14.25,114995.41,-0.05,-0.35,14.37,14.424,14.458,167802.84,174231.76,176831.42
2018-12-10,14.21,14.39,14.36,14.21,167124.98,0.01,0.07,14.448,14.436,14.472,166509.45,181315.87,183754.71
2018-12-07,14.2,14.36,14.35,14.2,110953.78,0.13,0.91,14.516,14.447,14.485,184245.67,181159.68,189538.31
2018-12-06,14.5,14.57,14.22,14.13,316605.0,-0.39,-2.67,14.516,14.437,14.5,208115.1,188451.56,208736.01
2018-12-05,14.6,14.69,14.61,14.57,129335.05,-0.09,-0.61,14.52,14.459,14.548,180551.5,166210.51,200722.9
2018-12-04,14.7,14.79,14.7,14.64,108528.45,0.0,0.0,14.478,14.449,14.574,180660.68,162308.35,203997.87
2018-12-03,14.62,14.75,14.7,14.55,255806.05,0.35,2.44,14.424,14.424,14.594,196122.28,167158.62,217098.03
2018-11-30,14.24,14.63,14.35,14.23,230300.94,0.11,0.77,14.378,14.424,14.63,178073.69,161669.37,221244.58
2018-11-29,14.44,14.46,14.24,14.24,178787.0,-0.16,-1.11,14.358,14.453,14.693,168788.03,158000.07,235235.82
2018-11-28,14.49,14.54,14.4,14.31,129880.95,-0.03,-0.21,14.398,14.488,14.756,151869.52,157460.32,241837.52
2018-11-27,14.47,14.62,14.43,14.39,185836.45,-0.04,-0.28,14.42,14.491,14.817,143956.01,179431.07,244841.86
2018-11-26,14.35,14.51,14.47,14.26,165563.09,0.22,1.54,14.424,14.508,14.876,138194.96,186193.55,243659.04
2018-11-23,14.41,14.45,14.25,14.19,183872.64,-0.19,-1.32,14.47,14.523,14.933,145265.06,197916.95,247846.86
2018-11-22,14.56,14.57,14.44,14.4,94194.48,-0.07,-0.48,14.548,14.563,15.021,147212.11,229020.46,250379.09
2018-11-21,14.38,14.56,14.51,14.35,90313.41,0.06,0.41,14.578,14.637,15.089,163051.12,235235.29,253985.71
2018-11-20,14.65,14.69,14.45,14.45,157031.19,-0.25,-1.7,14.562,14.698,15.153,214906.13,245687.4,255363.59
2018-11-19,14.68,14.74,14.7,14.62,200913.56,0.06,0.41,14.592,14.764,15.218,234192.13,267037.45,257868.71
2018-11-16,14.63,14.64,14.64,14.46,193607.91,0.05,0.34,14.576,14.836,15.287,250568.84,280819.8,261478.93
2018-11-15,14.42,14.6,14.59,14.41,173389.53,0.16,1.11,14.578,14.933,15.346,310828.81,312471.56,265053.52
2018-11-14,14.6,14.83,14.43,14.38,349588.47,-0.17,-1.16,14.696,15.024,15.392,307419.46,326214.72,264332.64
2018-11-13,14.52,14.65,14.6,14.44,253461.2,-0.02,-0.14,14.834,15.142,15.461,276468.67,310252.65,259261.91
2018-11-12,14.59,14.73,14.62,14.48,282797.09,-0.03,-0.2,14.936,15.244,15.506,299882.76,301124.53,255797.28
2018-11-09,15.12,15.19,14.65,14.55,494907.75,-0.53,-3.49,15.096,15.342,15.545,311070.75,297776.77,251234.96
2018-11-08,15.22,15.24,15.18,15.05,156342.81,0.06,0.4,15.288,15.478,15.582,314114.32,271737.73,238876.05
2018-11-07,15.16,15.21,15.12,15.01,194834.52,0.01,0.07,15.352,15.541,15.591,345009.98,272736.13,248342.91
2018-11-06,15.4,15.4,15.11,14.98,370531.62,-0.31,-2.01,15.45,15.608,15.625,344036.63,265039.78,244690.15
2018-11-05,15.57,15.57,15.42,15.39,338737.06,-0.19,-1.22,15.552,15.672,15.664,302366.31,248699.98,233250.62
2018-11-02,15.56,15.63,15.61,15.35,510125.59,0.11,0.71,15.588,15.737,15.693,284482.78,242138.06,226276.16
2018-11-01,15.69,15.72,15.5,15.4,310821.09,-0.11,-0.7,15.668,15.759,15.731,229361.13,217635.48,206359.33
2018-10-31,15.65,15.7,15.61,15.53,189967.78,-0.01,-0.06,15.73,15.76,15.775,200462.29,202450.56,197712.53
2018-10-30,15.79,15.8,15.62,15.58,162180.02,0.02,0.13,15.766,15.78,15.804,186042.94,208271.16,195114.94
2018-10-29,16.1,16.21,15.6,15.56,249319.41,-0.41,-2.56,15.792,15.768,15.834,195033.64,210470.03,190803.25
2018-10-26,15.8,16.05,16.01,15.68,234517.36,0.2,1.26,15.886,15.748,15.865,199793.35,204693.16,185074.78
2018-10-25,15.68,15.87,15.81,15.5,166326.89,0.02,0.13,15.85,15.685,15.862,205909.83,206014.37,177119.2
2018-10-24,15.77,15.97,15.79,15.63,117871.01,0.04,0.25,15.79,15.641,15.865,204438.83,223949.68,174379.36
2018-10-23,16.0,16.08,15.75,15.74,207133.55,-0.32,-1.99,15.794,15.642,15.867,230499.39,224340.52,173647.64
2018-10-22,15.8,16.21,16.07,15.8,273117.94,0.24,1.52,15.744,15.655,15.866,225906.41,217801.26,168118.59
2018-10-19,15.5,15.9,15.83,15.4,265099.75,0.32,2.06,15.61,15.648,15.848,209592.96,210414.25,157674.79
2018-10-18,15.85,15.87,15.51,15.45,158971.91,-0.3,-1.9,15.52,15.703,15.845,206118.92,195083.17,149510.74
2018-10-17,15.59,15.95,15.81,15.58,248173.8,0.31,2.0,15.492,15.79,15.853,243460.52,192974.5,147492.84
2018-10-16,15.45,15.59,15.5,15.3,184168.67,0.1,0.65,15.49,15.827,15.836,218181.64,181958.72,139798.69
2018-10-15,15.45,15.73,15.4,15.4,191550.67,0.02,0.13,15.566,15.899,15.84,209696.1,171136.47,136243.33
2018-10-12,15.53,15.64,15.38,15.33,247729.53,0.01,0.07,15.686,15.982,15.855,211235.54,165456.41,131884.45
2018-10-11,15.7,15.84,15.37,15.32,345679.94,-0.43,-2.72,15.886,16.039,15.877,184047.43,148224.02,123610.2
2018-10-10,15.9,15.98,15.8,15.73,121779.4,-0.08,-0.5,16.088,16.088,15.903,142488.47,124809.03,111282.84
2018-10-09,15.9,16.08,15.88,15.82,141740.97,-0.12,-0.75,16.164,16.092,15.919,145735.8,122954.77,110427.93
2018-10-08,16.11,16.23,16.0,15.94,199247.88,-0.38,-2.32,16.232,16.076,15.923,132576.83,118435.92,111619.77
2018-09-28,16.4,16.45,16.38,16.32,111788.94,0.0,0.0,16.278,16.047,15.914,119677.27,104935.32,115578.65
2018-09-27,16.28,16.4,16.38,16.15,137885.16,0.2,1.24,16.192,15.986,15.898,112400.61,103938.31,114706.41
2018-09-26,16.18,16.35,16.18,16.12,138016.05,-0.04,-0.25,16.088,15.915,15.884,107129.6,102011.19,115412.17
2018-09-25,16.16,16.27,16.22,16.12,75946.11,-0.01,-0.06,16.02,15.844,15.889,100173.75,97638.65,113694.19
2018-09-21,15.99,16.23,16.23,15.9,134750.08,0.28,1.75,15.92,15.781,15.888,104295.01,101350.2,116487.0
2018-09-20,15.86,15.98,15.95,15.84,75405.65,0.09,0.57,15.816,15.728,15.887,90193.37,98312.49,115162.16
2018-09-19,15.86,15.94,15.86,15.72,111530.1,0.02,0.13,15.78,15.715,15.902,95476.01,98996.39,116612.22
2018-09-18,15.65,15.85,15.84,15.65,103236.79,0.12,0.76,15.742,15.718,15.929,96892.78,97756.65,117449.39
2018-09-17,15.68,15.81,15.72,15.62,96552.42,0.01,0.06,15.668,15.745,15.966,95103.56,97901.08,117853.81
2018-09-14,15.82,15.82,15.71,15.63,64241.91,-0.06,-0.38,15.642,15.769,16.012,98405.4,104803.63,125709.19
2018-09-13,15.71,15.83,15.77,15.63,101818.85,0.1,0.64,15.64,15.78,16.032,106431.61,126221.98,130191.47
2018-09-12,15.4,15.68,15.67,15.37,118613.94,0.2,1.29,15.65,15.81,16.05,102516.76,125474.5,132210.84
2018-09-11,15.59,15.74,15.47,15.44,94290.66,-0.12,-0.77,15.694,15.852,16.073,98620.51,128813.15,131349.56
2018-09-10,15.7,15.74,15.59,15.45,113061.62,-0.11,-0.7,15.822,15.933,16.115,100698.61,129749.73,134635.72
2018-09-07,15.85,15.9,15.7,15.68,104373.0,-0.12,-0.76,15.896,15.995,16.157,111201.86,131623.81,136633.99
2018-09-06,15.85,15.93,15.82,15.8,82244.57,-0.07,-0.44,15.92,16.046,16.188,146012.34,132011.83,135686.29
2018-09-05,16.06,16.11,15.89,15.87,99132.72,-0.22,-1.37,15.97,16.089,16.217,148432.25,134228.06,140345.62
2018-09-04,15.99,16.15,16.11,15.94,104681.12,0.15,0.94,16.01,16.14,16.233,159005.79,137142.14,144487.02
2018-09-03,15.83,16.08,15.96,15.83,165577.91,0.14,0.89,16.044,16.186,16.253,158800.86,137806.55,146930.99
2018-08-31,16.08,16.12,15.82,15.81,278425.38,-0.25,-1.56,16.094,16.255,16.274,152045.75,146614.75,149154.14
2018-08-30,16.11,16.18,16.07,16.07,94344.11,-0.02,-0.12,16.172,16.284,16.321,118011.32,134160.96,144675.29
2018-08-29,16.23,16.33,16.09,16.05,152000.45,-0.19,-1.17,16.208,16.29,16.35,120023.86,138947.18,153266.53
2018-08-28,16.23,16.38,16.28,16.21,103656.43,0.07,0.43,16.27,16.293,16.384,115278.48,133885.96,152689.48
2018-08-27,16.1,16.28,16.21,16.1,131802.38,0.0,0.0,16.328,16.296,16.413,116812.24,139521.71,153171.24
2018-08-24,16.23,16.3,16.21,16.02,108253.23,-0.04,-0.25,16.416,16.318,16.445,141183.74,141644.18,156636.15
2018-08-23,16.36,16.42,16.25,16.21,104406.83,-0.15,-0.92,16.396,16.33,16.455,150310.59,139360.76,155489.44
2018-08-22,16.52,16.53,16.4,16.29,128273.53,-0.17,-1.03,16.372,16.344,16.471,157870.49,146463.18,156595.92
2018-08-21,16.68,16.7,16.57,16.47,111325.22,-0.08,-0.48,16.316,16.326,16.468,152493.45,151831.9,158846.55
2018-08-20,16.21,16.65,16.65,16.15,253659.91,0.52,3.22,16.264,16.319,16.466,162231.18,156055.43,164765.08
2018-08-17,16.15,16.31,16.11,16.05,153887.47,0.0,0.0,16.22,16.293,16.471,142104.61,151693.52,158318.78
2018-08-16,16.05,16.25,16.13,15.91,142206.34,0.0,0.0,16.264,16.358,16.502,128410.92,155189.63,157464.43
2018-08-15,16.25,16.29,16.12,16.12,101388.29,-0.19,-1.17,16.316,16.409,16.526,135055.86,167585.87,159065.07
2018-08-14,16.46,16.46,16.31,16.11,160013.88,-0.11,-0.67,16.336,16.475,16.535,151170.36,171493.0,163114.52
2018-08-13,16.35,16.47,16.43,16.13,153027.06,0.08,0.49,16.374,16.529,16.522,149879.68,166820.78,160546.13
2018-08-10,16.35,16.5,16.33,16.29,85419.05,-0.05,-0.3,16.366,16.571,16.505,161282.44,171628.12,157695.63
2018-08-09,16.21,16.48,16.39,16.1,175431.02,0.16,0.99,16.452,16.579,16.493,181968.33,171618.11,159889.77
2018-08-08,16.51,16.59,16.22,16.22,181960.8,-0.28,-1.7,16.502,16.597,16.48,200115.89,166728.66,157735.1
2018-08-07,16.46,16.6,16.5,16.4,153560.45,0.1,0.61,16.614,16.61,16.474,191815.63,165861.19,153008.68
2018-08-06,16.85,16.89,16.39,16.38,210040.88,-0.38,-2.27,16.684,16.613,16.464,183761.88,173474.73,151633.04
2018-08-03,16.62,16.88,16.76,16.51,188848.5,0.14,0.84,16.776,16.649,16.46,181973.81,164944.04,146826.53
2018-08-02,16.7,17.02,16.64,16.43,266168.81,-0.14,-0.83,16.706,16.645,16.439,161267.89,159739.23,145678.43
2018-08-01,16.9,16.92,16.78,16.72,140459.53,-0.06,-0.36,16.692,16.643,16.424,133341.43,150544.27,147687.1
2018-07-31,16.85,16.96,16.85,16.77,113291.67,0.0,0.0,16.606,16.595,16.394,139906.75,154736.04,149713.51
2018-07-30,16.42,16.85,16.85,16.42,201100.52,0.43,2.62,16.542,16.514,16.344,163187.57,154271.48,154807.43
2018-07-27,16.61,16.63,16.41,16.39,85318.94,-0.15,-0.91,16.522,16.439,16.294,147914.27,143763.13,151931.04
2018-07-26,16.43,16.62,16.57,16.38,126536.51,0.23,1.41,16.584,16.407,16.28,158210.57,148161.43,154412.95
2018-07-25,16.5,16.55,16.35,16.25,173286.09,-0.19,-1.15,16.594,16.363,16.256,167747.1,148741.53,156634.62
2018-07-24,16.7,16.77,16.53,16.41,229695.81,-0.22,-1.31,16.584,16.337,16.249,169565.32,140156.16,157661.68
2018-07-23,16.7,16.86,16.75,16.55,124734.01,0.02,0.12,16.486,16.314,16.234,145355.39,129791.35,155666.32
2018-07-20,16.55,16.77,16.72,16.51,136800.44,0.09,0.54,16.356,16.271,16.219,139611.99,128709.03,160102.22
2018-07-19,16.38,16.68,16.62,16.33,174219.16,0.33,2.03,16.23,16.232,16.214,138112.29,131617.62,168396.39
2018-07-18,16.1,16.45,16.3,16.04,182377.2,0.27,1.68,16.132,16.204,16.266,129735.96,144829.93,169910.25
2018-07-17,16.05,16.15,16.04,15.96,108646.15,-0.07,-0.43,16.09,16.192,16.329,110747.0,144690.99,170821.89
2018-07-16,16.05,16.17,16.1,16.01,96016.99,0.02,0.12,16.142,16.174,16.41,114227.3,155343.38,189866.05
2018-07-13,16.2,16.2,16.09,15.98,129301.95,-0.04,-0.25,16.186,16.148,16.488,117806.07,160098.94,197629.44
2018-07-12,16.06,16.26,16.13,16.06,132337.52,0.01,0.06,16.234,16.152,16.56,125122.96,160664.47,206518.9
2018-07-11,16.15,16.2,16.09,16.0,87432.38,-0.2,-1.23,16.276,16.149,16.619,159923.89,164527.7,212052.85
2018-07-10,16.3,16.37,16.3,16.08,126047.67,-0.01,-0.06,16.294,16.16,16.672,178634.98,175167.21,218512.8
2018-07-09,16.4,16.48,16.32,16.25,113910.81,0.0,0.0,16.206,16.153,16.706,196459.47,181541.3,219395.95
2018-07-06,16.3,16.44,16.33,16.23,165886.41,-0.01,-0.06,16.11,16.167,16.74,202391.82,191495.41,222916.6
2018-07-05,16.05,16.37,16.34,15.99,306342.19,0.19,1.18,16.07,16.196,16.771,196205.97,205175.15,224459.8
2018-07-04,15.82,16.25,16.18,15.76,180987.83,0.32,2.02,16.022,16.327,16.814,169131.51,194990.58,217444.43
2018-07-03,15.95,15.98,15.86,15.44,215170.09,0.01,0.06,16.026,16.465,16.85,171699.43,196952.79,214472.0
2018-07-02,16.09,16.14,15.84,15.83,143572.59,-0.3,-1.86,16.1,16.645,16.899,166623.14,224388.71,208652.92
2018-06-29,16.13,16.19,16.13,16.08,134957.16,0.0,0.0,16.224,16.828,16.946,180599.0,235159.93,208130.99
2018-06-28,16.1,16.25,16.1,16.0,170969.88,-0.12,-0.74,16.322,16.967,16.996,214144.33,252373.33,217581.51
2018-06-27,16.25,16.4,16.2,16.07,193827.44,-0.03,-0.18,16.632,17.089,17.029,220849.64,259578.0,216864.78
2018-06-26,16.4,16.54,16.23,16.2,189788.62,-0.24,-1.46,16.904,17.183,17.068,222206.15,261858.39,215223.4
2018-06-25,16.59,16.62,16.46,16.4,213451.91,-0.15,-0.9,17.19,17.259,17.103,282154.29,257250.6,211815.4
2018-06-22,17.02,17.02,16.62,16.45,302683.78,-0.35,-2.06,17.432,17.312,17.124,289720.86,254337.78,211381.4
2018-06-21,17.59,17.71,17.65,17.56,204496.45,0.09,0.51,17.612,17.346,17.124,290602.34,243744.44,201443.78
2018-06-20,17.51,17.7,17.56,17.42,200609.97,-0.13,-0.73,17.546,17.3,17.073,298306.37,239898.28,195533.63
2018-06-19,17.58,17.79,17.66,17.44,489529.34,-0.01,-0.06,17.462,17.235,17.031,301510.63,231991.2,189458.86
2018-06-15,17.57,17.8,17.67,17.46,251284.75,0.13,0.74,17.328,17.153,16.981,232346.92,192917.13,171476.85
2018-06-14,17.28,17.85,17.52,17.26,307091.19,0.2,1.16,17.192,17.064,16.936,218954.7,181102.05,168050.33
2018-06-13,17.1,17.45,17.32,17.1,243016.59,0.18,1.05,17.08,17.024,16.895,196886.54,182789.69,158104.18
2018-06-12,16.95,17.24,17.14,16.93,216631.3,0.14,0.82,17.054,16.968,16.865,181490.19,174151.56,153575.41
2018-06-11,16.88,17.03,16.99,16.83,143710.75,0.0,0.0,17.008,16.952,16.839,162471.77,168588.41,153244.42
2018-06-08,16.97,17.08,16.99,16.82,184323.66,-0.04,-0.23,16.978,16.946,16.802,153487.34,166380.19,152345.2
2018-06-07,17.2,17.23,16.96,16.9,196750.41,-0.24,-1.4,16.936,16.935,16.759,143249.4,168425.03,149733.76
2018-06-06,16.94,17.24,17.19,16.87,166034.84,0.29,1.72,16.968,16.902,16.713,168692.84,159143.12,149603.58
2018-06-05,16.86,16.92,16.91,16.69,121539.21,0.05,0.3,16.882,16.845,16.664,166812.92,151168.98,145328.36
2018-06-04,16.9,16.97,16.84,16.73,98788.57,0.06,0.36,16.896,16.826,16.627,174705.04,146926.52,145801.91
2018-06-01,17.06,17.06,16.78,16.77,133133.98,-0.33,-1.93,16.914,16.808,16.592,179273.04,150036.58,147009.16
2018-05-31,16.72,17.22,17.12,16.72,323967.59,0.34,2.03,16.934,16.808,16.557,193600.66,154998.61,145260.36
2018-05-30,16.87,16.96,16.76,16.71,156635.25,-0.22,-1.3,16.836,16.766,16.501,149593.4,133418.67,135896.45
2018-05-29,16.86,16.99,16.98,16.81,160999.83,0.07,0.41,16.808,16.761,16.461,135525.04,132999.27,140352.69
2018-05-28,16.92,17.03,16.93,16.8,121628.54,0.06,0.36,16.756,16.726,16.417,119147.99,137900.43,139257.96
2018-05-25,16.61,17.05,16.88,16.56,204772.09,0.28,1.69,16.702,16.657,16.37,120800.12,138310.22,139025.45
2018-05-24,16.59,16.72,16.63,16.55,103931.29,-0.01,-0.06,16.682,16.582,16.326,116396.56,131042.49,134442.17
2018-05-23,16.7,16.72,16.62,16.59,86293.47,-0.1,-0.6,16.696,16.524,16.304,117243.95,140064.05,134457.09
2018-05-22,16.65,16.75,16.72,16.56,79114.54,0.06,0.36,16.714,16.482,16.28,130473.49,139487.75,135635.04
2018-05-21,16.8,16.89,16.66,16.53,129889.22,-0.12,-0.71,16.696,16.427,16.247,156652.86,144677.31,138205.38
2018-05-18,16.67,16.82,16.78,16.54,182754.28,0.08,0.48,16.612,16.375,16.211,155820.31,143981.74,136898.31
2018-05-17,16.68,16.81,16.7,16.57,108168.22,0.0,0.0,16.482,16.306,16.173,145688.42,135522.12,133121.39
2018-05-16,16.6,16.83,16.71,16.5,152441.19,0.07,0.42,16.352,16.235,16.138,162884.15,138374.23,134054.8
2018-05-15,16.27,16.67,16.63,16.21,210011.41,0.4,2.46,16.25,16.16,16.094,148502.0,147706.11,133450.65
2018-05-14,16.12,16.28,16.24,16.11,125726.44,0.11,0.68,16.158,16.107,16.059,132701.76,140615.5,128547.16
2018-05-11,16.08,16.16,16.13,15.99,132094.83,0.1,0.62,16.138,16.082,16.054,132143.17,139740.69,127584.82
2018-05-10,16.26,16.29,16.05,15.96,194146.86,-0.14,-0.86,16.13,16.069,16.059,125355.81,137841.84,125701.7
2018-05-09,16.17,16.22,16.2,16.15,80530.46,0.03,0.19,16.118,16.084,16.065,113864.32,128850.13,121976.06
2018-05-08,16.17,16.2,16.17,16.08,131010.19,0.04,0.25,16.07,16.078,16.056,146910.23,131782.33,125746.63
2018-05-07,16.09,16.18,16.14,16.04,122933.52,0.05,0.31,16.056,16.066,16.04,148529.25,131733.46,124295.6
2018-05-04,16.0,16.12,16.09,15.95,98158.03,0.11,0.69,16.026,16.047,16.027,147338.2,129814.87,124979.62
2018-05-03,15.86,16.0,15.99,15.79,136689.41,0.03,0.19,16.008,16.04,16.021,150327.87,130720.66,127229.09
2018-05-02,15.98,16.07,15.96,15.63,245759.98,-0.15,-0.93,16.05,16.04,16.024,143835.94,129735.37,131127.22
2018-04-27,16.04,16.14,16.1,15.98,139105.31,0.1,0.62,16.086,16.027,16.031,116654.44,119195.18,128271.32
2018-04-26,16.05,16.08,15.99,15.95,116978.29,-0.01,-0.06,16.076,16.011,16.036,114937.66,116478.82,131048.81
2018-04-25,16.2,16.25,16.0,15.97,113106.38,-0.2,-1.24,16.068,16.025,16.061,112291.54,115428.95,130302.93
2018-04-24,16.09,16.27,16.2,16.09,104229.75,0.06,0.37,16.072,16.049,16.08,111113.44,113561.56,135270.67
2018-04-23,16.0,16.19,16.14,15.99,109852.46,0.09,0.56,16.03,16.045,16.095,115634.8,115102.0,146790.67
2018-04-20,15.9,16.14,16.05,15.9,130521.43,0.1,0.63,15.968,16.034,16.113,121735.92,119710.92,148835.72
2018-04-19,16.07,16.12,15.95,15.91,103747.69,-0.08,-0.5,15.946,16.014,16.143,118019.97,116857.74,147849.65
2018-04-18,16.08,16.08,16.02,15.88,107215.87,0.03,0.19,15.982,16.007,16.179,118566.36,120144.37,147515.29
2018-04-17,15.84,16.14,15.99,15.84,126836.53,0.16,1.01,16.026,16.002,16.21,116009.68,123737.53,148937.97
2018-04-16,16.0,16.0,15.83,15.78,140358.06,-0.11,-0.69,16.06,16.008,16.243,114569.19,132519.07,148140.97
2018-04-13,16.18,16.2,15.94,15.92,111941.71,-0.21,-1.3,16.1,16.035,16.285,117685.92,137347.47,146493.93
2018-04-12,16.28,16.29,16.13,16.08,106479.64,-0.1,-0.62,16.082,16.061,16.323,115695.51,145618.8,146233.04
2018-04-11,16.15,16.25,16.24,16.09,94432.46,0.09,0.56,16.032,16.096,16.351,121722.38,145176.91,146381.52
2018-04-10,16.05,16.19,16.16,16.05,119634.1,0.13,0.81,15.978,16.111,16.374,131465.38,156979.78,153632.83
2018-04-09,15.89,16.11,16.03,15.83,155941.69,0.17,1.07,15.956,16.144,16.413,150468.94,178479.34,152662.31
2018-04-04,15.87,16.0,15.85,15.84,101989.65,-0.02,-0.13,15.97,16.191,16.458,157009.02,177960.52,155013.35
2018-04-03,15.92,15.96,15.88,15.82,136614.0,-0.09,-0.56,16.04,16.271,16.498,175542.1,178841.56,157552.72
2018-04-02,16.0,16.08,15.97,15.91,143147.48,-0.05,-0.31,16.16,16.35,16.538,168631.45,174886.21,156989.7
2018-03-30,16.1,16.26,16.05,15.94,214651.88,-0.05,-0.31,16.244,16.418,16.581,182494.17,174138.4,157928.13
2018-03-29,16.28,16.35,16.1,15.98,188642.09,-0.09,-0.56,16.332,16.478,16.616,206489.74,163762.88,157458.86
2018-03-28,16.4,16.53,16.2,16.12,194655.03,-0.29,-1.76,16.412,16.535,16.635,198912.02,155640.39,154766.5
2018-03-27,16.43,16.57,16.48,16.41,102060.75,0.11,0.67,16.502,16.584,16.648,182141.02,146847.29,152210.27
2018-03-26,16.36,16.53,16.39,16.31,212461.09,-0.1,-0.61,16.54,16.606,16.651,181140.97,147586.13,157612.13
2018-03-23,16.3,16.52,16.49,16.14,334629.72,-0.02,-0.12,16.592,16.636,16.652,165782.63,150285.88,156442.19
2018-03-22,16.59,16.61,16.5,16.39,150753.52,-0.13,-0.78,16.624,16.681,16.639,121036.02,126845.28,148602.54
2018-03-21,16.72,16.73,16.65,16.5,110800.04,-0.03,-0.18,16.658,16.724,16.62,112368.76,132066.18,147307.79
2018-03-20,16.56,16.72,16.67,16.54,97060.5,0.02,0.12,16.666,16.725,16.587,111553.55,136263.87,148324.77
2018-03-19,16.63,16.67,16.65,16.4,135669.38,0.0,0.0,16.672,16.726,16.542,114031.28,139093.2,151194.53
2018-03-16,16.61,16.78,16.65,16.59,110896.64,0.0,0.0,16.68,16.744,16.489,134789.13,141717.86,159332.53
2018-03-15,16.64,16.73,16.67,16.62,107417.22,-0.03,-0.18,16.738,16.754,16.455,132654.54,151154.84,180842.01
2018-03-14,16.68,16.76,16.69,16.61,106724.01,-0.01,-0.06,16.79,16.734,16.432,151763.6,153892.6,190453.32
2018-03-13,16.71,16.79,16.7,16.6,109449.17,0.0,0.0,16.784,16.712,16.411,160974.19,157573.26,206119.21
2018-03-12,17.02,17.03,16.69,16.59,239458.62,-0.27,-1.59,16.78,16.696,16.39,164155.11,167638.13,226807.27
2018-03-09,17.08,17.09,16.94,16.84,100223.67,-0.01,-0.06,16.808,16.668,16.37,148646.6,162598.49,226864.09
2018-03-08,16.78,17.08,16.93,16.76,202962.52,0.26,1.56,16.77,16.597,16.332,169655.15,170359.8,235449.34
2018-03-07,16.63,16.84,16.66,16.61,152776.97,0.0,0.0,16.678,16.515,16.293,156021.61,162549.41,242067.96
2018-03-06,16.88,16.93,16.68,16.6,125353.77,-0.16,-0.95,16.64,16.449,16.256,154172.33,160385.67,242905.66
2018-03-05,16.7,16.85,16.83,16.63,161916.05,0.08,0.48,16.612,16.357,16.212,171121.15,163295.87,248690.54
2018-03-02,16.44,16.77,16.75,16.41,205266.44,0.26,1.58,16.528,16.233,16.163,176550.38,176947.19,252767.55
2018-03-01,16.39,16.59,16.47,16.39,134794.81,0.0,0.0,16.424,16.156,16.129,171064.45,210529.17,249226.34
2018-02-28,16.48,16.63,16.47,16.38,143530.56,-0.07,-0.42,16.352,16.13,16.108,169077.21,227014.03,253375.18
2018-02-27,16.45,16.6,16.54,16.42,210097.88,0.13,0.79,16.258,16.109,16.085,166599.01,254665.16,259905.74
2018-02-26,16.33,16.43,16.41,16.25,189062.23,0.16,0.98,16.102,16.084,16.065,155470.58,285976.41,270830.76
2018-02-23,16.1,16.35,16.23,16.07,177836.77,0.12,0.74,15.938,16.072,16.049,177343.99,291129.69,273725.62
2018-02-22,16.08,16.15,16.11,15.99,124858.63,0.12,0.75,15.888,16.067,16.042,249993.88,300538.87,277280.93
2018-02-14,15.82,16.08,16.0,15.82,131139.56,0.24,1.52,15.908,16.071,16.039,284950.85,321586.51,286995.58
2018-02-13,15.65,15.97,15.76,15.64,154455.73,0.16,1.03,15.96,16.062,16.045,342731.31,325425.65,295748.29
2018-02-12,15.75,15.79,15.59,15.46,298429.25,-0.38,-2.38,16.066,16.066,16.061,416482.23,334085.22,306316.09
2018-02-09,16.03,16.03,15.98,15.18,541086.25,-0.24,-1.48,16.206,16.093,16.1,404915.39,328587.92,304225.23
2018-02-08,16.18,16.28,16.21,16.05,299643.44,-0.06,-0.37,16.246,16.101,16.115,351083.86,287923.51,284292.43
2018-02-07,16.3,16.32,16.26,15.92,420041.88,-0.03,-0.18,16.234,16.085,16.121,358222.17,279736.33,278720.64
2018-02-06,16.1,16.33,16.29,16.04,523210.34,0.0,0.0,16.164,16.06,16.116,308119.98,265146.31,265664.97
2018-02-05,16.06,16.36,16.29,16.01,240595.03,0.11,0.68,16.066,16.045,16.108,251688.2,255685.12,252780.88
2018-02-02,16.13,16.26,16.18,15.98,271928.62,0.02,0.12,15.98,16.025,16.093,252260.45,256321.55,252614.93
2018-02-01,15.9,16.17,16.15,15.73,335334.97,0.25,1.57,15.956,16.017,16.084,224763.15,254022.98,252229.0
2018-01-31,15.79,15.96,15.91,15.67,169530.94,0.12,0.76,15.936,16.007,16.07,201250.49,252404.65,249013.19
2018-01-30,15.83,15.95,15.8,15.78,241051.44,-0.06,-0.38,15.956,16.027,16.074,222172.64,266070.93,261577.64
2018-01-29,16.08,16.1,15.86,15.82,243456.3,-0.2,-1.25,16.024,16.055,16.067,259682.04,278546.96,266435.74
2018-01-26,16.1,16.12,16.06,16.03,134442.09,-0.01,-0.06,16.07,16.107,16.053,260382.64,279862.54,267601.15
2018-01-25,16.01,16.11,16.05,16.0,217771.66,0.04,0.25,16.078,16.129,16.042,283282.81,280661.35,270155.21
2018-01-24,16.14,16.16,16.01,15.99,274141.72,-0.12,-0.74,16.078,16.156,16.029,303558.82,277704.94,280231.96
2018-01-23,16.13,16.28,16.14,16.0,428598.44,0.05,0.31,16.098,16.172,16.035,309969.21,266183.63,279947.3
2018-01-22,16.2,16.23,16.09,15.98,246959.31,-0.01,-0.06,16.086,16.171,16.045,297411.88,249876.64,273662.99
2018-01-19,16.1,16.19,16.1,16.01,248942.91,0.03,0.19,16.144,16.16,16.062,299342.44,248908.3,269045.76
2018-01-18,16.11,16.18,16.05,15.92,319151.72,-0.07,-0.43,16.18,16.151,16.082,278039.89,250435.02,266723.33
2018-01-17,16.09,16.25,16.11,15.95,306193.66,0.05,0.31,16.234,16.133,16.101,251851.07,245621.73,262448.21
2018-01-16,16.37,16.42,16.08,16.02,365811.81,-0.29,-1.77,16.246,16.12,16.114,222398.05,257084.35,257382.79
2018-01-15,16.28,16.46,16.38,16.13,256612.12,0.1,0.61,16.256,16.078,16.132,202341.4,254324.53,249549.23
2018-01-12,16.36,16.38,16.28,16.24,142430.16,-0.04,-0.24,16.176,15.999,16.133,198474.16,255339.76,250357.54
2018-01-11,16.23,16.41,16.32,16.17,188207.59,0.15,0.93,16.122,15.954,16.143,222830.14,259649.07,249358.69
2018-01-10,16.14,16.25,16.17,16.08,158928.56,0.04,0.25,16.032,15.902,16.151,239392.39,282758.97,245074.52
2018-01-09,16.0,16.23,16.13,15.98,265528.56,0.15,0.94,15.994,15.898,16.163,291770.66,293710.98,242651.87
2018-01-08,16.02,16.03,15.98,15.93,237275.94,-0.03,-0.19,15.9,15.919,16.183,306307.66,297449.33,238407.14
2018-01-05,15.93,16.03,16.01,15.85,264210.06,0.16,1.01,15.822,15.963,16.21,312205.35,289183.21,232622.6
2018-01-04,16.0,16.02,15.87,15.82,271018.84,-0.12,-0.75,15.786,16.012,16.239,296468.0,283011.64,230210.62
2018-01-03,15.72,16.12,15.98,15.7,420819.88,0.34,2.17,15.772,16.068,16.283,326125.54,279274.69,229705.59
2018-01-02,15.69,15.83,15.66,15.59,338213.56,0.07,0.45,15.802,16.108,16.327,295651.3,257681.23,239078.06
2017-12-29,15.82,15.82,15.59,15.56,266764.41,-0.23,-1.45,15.938,16.185,16.368,288591.0,244773.92,232829.6
2017-12-28,15.79,15.88,15.83,15.72,185523.3,0.04,0.25,16.104,16.266,16.413,266161.08,245375.32,229662.09
2017-12-27,16.13,16.17,15.8,15.72,419306.56,-0.32,-1.99,16.238,16.331,16.445,269555.28,239068.31,230621.82
2017-12-26,16.29,16.29,16.13,16.11,268448.66,-0.2,-1.23,16.364,16.4,16.479,232423.84,207390.08,221380.7
2017-12-25,16.4,16.47,16.34,16.16,302912.09,-0.09,-0.55,16.414,16.428,16.5,219711.15,191592.77,217872.49
2017-12-22,16.48,16.67,16.42,16.4,154614.77,-0.08,-0.48,16.432,16.447,16.526,200956.84,179364.95,230324.56
2017-12-21,16.41,16.6,16.5,16.36,202494.31,0.07,0.43,16.428,16.456,16.547,224589.57,176061.99,232946.32
2017-12-20,16.46,16.46,16.43,16.3,233649.36,0.05,0.3,16.424,16.465,16.563,208581.35,177409.61,238783.57
2017-12-19,16.35,16.44,16.38,16.33,204885.23,-0.05,-0.3,16.436,16.497,16.597,182356.32,180136.48,243812.35
2017-12-18,16.45,16.52,16.43,16.2,209140.55,0.03,0.18,16.442,16.545,16.621,163474.38,220474.9,249574.21
2017-12-15,16.44,16.48,16.4,16.26,272778.38,-0.07,-0.42,16.462,16.551,16.651,157773.06,220885.27,254386.28
2017-12-14,16.52,16.59,16.48,16.4,122453.23,-0.01,-0.06,16.484,16.56,16.677,127534.41,213948.86,261463.32
2017-12-13,16.4,16.54,16.49,16.37,102524.23,0.08,0.49,16.506,16.558,16.668,146237.86,222175.32,260461.6
2017-12-12,16.47,16.53,16.41,16.38,110475.53,-0.11,-0.67,16.558,16.558,16.656,177916.64,235371.32,266687.44
2017-12-11,16.53,16.59,16.53,16.45,180633.92,0.01,0.06,16.648,16.572,16.648,277475.42,244152.22,274312.19
2017-12-08,16.6,16.6,16.51,16.46,121585.15,-0.09,-0.54,16.64,16.604,16.637,283997.48,281284.17,279443.79
2017-12-07,16.7,16.74,16.59,16.42,215970.48,-0.15,-0.9,16.636,16.637,16.64,300363.31,289830.66,281279.7
2017-12-06,16.84,16.91,16.75,16.67,260918.12,-0.14,-0.83,16.61,16.66,16.637,298112.78,300157.52,276017.79
2017-12-05,16.48,16.98,16.86,16.47,608269.44,0.38,2.31,16.558,16.697,16.621,292825.99,307488.22,274180.17
2017-12-04,16.35,16.52,16.49,16.28,213244.23,0.02,0.12,16.496,16.697,16.601,210829.02,278673.51,253107.49
2017-12-01,16.48,16.51,16.49,16.32,203414.27,0.03,0.18,16.568,16.75,16.591,278570.85,287887.28,255648.5
2017-11-30,16.51,16.56,16.46,16.25,204717.84,-0.04,-0.24,16.638,16.794,16.569,279298.01,308977.77,258397.51
2017-11-29,16.42,16.66,16.49,16.4,234484.17,-0.06,-0.36,16.71,16.778,16.545,302202.27,298747.88,254678.09
2017-11-28,16.76,16.78,16.55,16.46,198284.59,-0.27,-1.6,16.836,16.753,16.517,322150.46,298003.57,251117.6
2017-11-27,16.85,16.88,16.85,16.49,551953.38,0.0,0.0,16.898,16.723,16.485,346518.0,304472.15,247800.38
2017-11-24,16.8,16.98,16.84,16.75,207050.08,0.04,0.24,16.932,16.669,16.446,297203.71,277603.4,233193.91
2017-11-23,17.15,17.18,16.82,16.63,319239.12,-0.34,-1.98,16.95,16.643,16.406,338657.53,272728.74,228830.81
2017-11-22,16.98,17.27,17.12,16.86,334225.12,0.25,1.48,16.846,16.614,16.365,295293.49,251878.05,227187.24
2017-11-21,16.96,17.02,16.86,16.8,320122.28,-0.16,-0.94,16.67,16.545,16.324,273856.67,240872.11,216402.13
2017-11-20,16.81,17.13,17.02,16.74,305381.97,0.09,0.53,16.548,16.504,16.292,262426.31,227541.48,210107.91
2017-11-17,16.31,16.95,16.93,16.13,414319.16,0.63,3.87,16.406,16.432,16.241,258003.09,223409.71,201484.94
2017-11-16,16.17,16.32,16.3,16.12,102418.9,0.06,0.37,16.336,16.343,16.192,206799.96,207817.25,192399.57
2017-11-15,16.19,16.28,16.24,16.06,227041.06,-0.02,-0.12,16.382,16.311,16.18,208462.61,210608.3,200598.34
2017-11-14,16.35,16.38,16.25,16.03,262970.47,-0.07,-0.43,16.42,16.28,16.163,207887.54,204231.64,207104.9
2017-11-13,16.66,16.69,16.31,16.21,283265.88,-0.28,-1.69,16.46,16.246,16.125,192656.64,191128.61,207377.81
2017-11-10,16.5,16.67,16.58,16.47,158303.47,0.06,0.36,16.458,16.222,16.078,188816.33,188784.42,205914.83
2017-11-09,16.49,16.53,16.53,16.38,110732.19,0.1,0.61,16.35,16.169,16.018,208834.55,184932.88,204982.35
2017-11-08,16.5,16.64,16.43,16.27,224165.69,-0.02,-0.12,16.24,16.116,15.959,212753.99,202496.43,213478.54
2017-11-07,16.35,16.53,16.45,16.23,186815.98,0.15,0.92,16.14,16.102,15.914,200575.74,191932.15,217759.34
2017-11-06,15.98,16.36,16.3,15.97,264064.31,0.26,1.62,16.032,16.08,15.855,189600.58,192674.34,215842.57
2017-11-03,15.92,16.08,16.04,15.79,258394.58,0.06,0.38,15.986,16.049,15.802,188752.51,179560.18,215039.69
2017-11-02,15.93,16.02,15.98,15.82,130329.37,0.05,0.31,15.988,16.041,15.789,161031.21,176981.89,212757.85
2017-11-01,15.98,16.03,15.93,15.82,163274.45,0.02,0.13,15.992,16.048,15.778,192238.87,190588.39,217337.21
2017-10-31,16.06,16.06,15.91,15.81,131940.19,-0.16,-1.0,16.064,16.046,15.769,183288.57,209978.15,220517.37
2017-10-30,16.15,16.25,16.07,15.83,259823.98,0.02,0.12,16.128,16.003,15.761,195748.1,223627.01,226053.45
2017-10-27,16.01,16.17,16.05,15.93,119788.05,0.05,0.31,16.112,15.934,15.74,170367.84,223045.24,223802.08
2017-10-26,16.3,16.37,16.0,15.91,286367.66,-0.29,-1.78,16.094,15.866,15.718,192932.56,225031.82,231231.65
2017-10-25,16.25,16.34,16.29,16.15,118522.97,0.06,0.37,16.104,15.801,15.696,188937.91,224460.64,226990.42
2017-10-24,16.02,16.27,16.23,15.95,194237.86,0.24,1.5,16.028,15.725,15.647,236667.74,243586.54,236029.38
2017-10-23,15.96,16.1,15.99,15.9,132922.66,0.03,0.19,15.878,15.629,15.594,251505.91,239010.8,239828.6
2017-10-20,15.89,16.32,15.96,15.86,232611.67,-0.09,-0.56,15.756,15.554,15.554,275722.64,250519.2,250519.2
2017-10-19,15.82,16.06,16.05,15.82,266394.38,0.14,0.88,15.638,15.509,15.509,257131.07,252508.92,252508.92
2017-10-18,15.5,15.94,15.91,15.46,357172.12,0.43,2.78,15.498,15.441,15.441,259983.38,250773.24,250773.24
2017-10-17,15.38,15.66,15.48,15.37,268428.72,0.1,0.65,15.422,15.374,15.374,250505.33,235573.4,235573.4
2017-10-16,15.31,15.45,15.38,15.31,254006.31,0.01,0.07,15.38,15.357,15.357,226515.69,230097.52,230097.52
2017-10-13,15.33,15.41,15.37,15.31,139653.81,0.02,0.13,15.352,15.352,15.352,225315.76,225315.76,225315.76
2017-10-12,15.45,15.61,15.35,15.31,280655.94,-0.18,-1.16,15.348,15.348,15.348,246731.25,246731.25,246731.25
2017-10-11,15.2,15.55,15.53,15.2,309781.88,0.26,1.7,15.347,15.347,15.347,235423.01,235423.01,235423.01
2017-10-10,15.2,15.3,15.27,15.14,148480.5,0.03,0.2,15.255,15.255,15.255,198243.58,198243.58,198243.58
2017-10-09,15.12,15.32,15.24,15.12,248006.66,0.17,1.13,15.24,15.24,15.24,248006.66,248006.66,248006.66
